{"cameraMode":{"drawMode":0,"name":"Shaded","section":"Shading Mode"},"sceneLighting":true,"audioPlay":false,"sceneViewState":{"m_AlwaysRefresh":false,"showFog":true,"showSkybox":true,"showFlares":true,"showImageEffects":true,"showParticleSystems":true,"showVisualEffectGraphs":true,"m_FxEnabled":true},"in2DMode":false,"pivot":{"x":13.168853759765625,"y":-5.610006332397461,"z":20.064218521118165},"rotation":{"x":-0.17938046157360078,"y":-0.35961484909057619,"z":0.07033737003803253,"w":-0.9134502410888672},"size":15.233415603637696,"orthographic":false}